-- phpMyAdmin SQL Dump
-- version 4.8.0
-- https://www.phpmyadmin.net/
--
-- Host: localhost:3307
-- Generation Time: Nov 05, 2018 at 11:33 PM
-- Server version: 5.6.14
-- PHP Version: 5.5.6

SET SQL_MODE = "NO_AUTO_VALUE_ON_ZERO";
SET AUTOCOMMIT = 0;
START TRANSACTION;
SET time_zone = "+00:00";


/*!40101 SET @OLD_CHARACTER_SET_CLIENT=@@CHARACTER_SET_CLIENT */;
/*!40101 SET @OLD_CHARACTER_SET_RESULTS=@@CHARACTER_SET_RESULTS */;
/*!40101 SET @OLD_COLLATION_CONNECTION=@@COLLATION_CONNECTION */;
/*!40101 SET NAMES utf8mb4 */;

--
-- Database: `db_simkop5`
--

-- --------------------------------------------------------

--
-- Table structure for table `t01_nasabah`
--

CREATE TABLE `t01_nasabah` (
  `id` int(11) NOT NULL,
  `Nama` varchar(50) NOT NULL,
  `Alamat` text NOT NULL,
  `No_Telp_Hp` varchar(100) NOT NULL,
  `Pekerjaan` varchar(50) NOT NULL,
  `Pekerjaan_Alamat` text NOT NULL,
  `Pekerjaan_No_Telp_Hp` varchar(100) NOT NULL
) ENGINE=InnoDB DEFAULT CHARSET=latin1;

--
-- Dumping data for table `t01_nasabah`
--

INSERT INTO `t01_nasabah` (`id`, `Nama`, `Alamat`, `No_Telp_Hp`, `Pekerjaan`, `Pekerjaan_Alamat`, `Pekerjaan_No_Telp_Hp`) VALUES
(1, 'Andoko', '-', '-', '-', '-', '-'),
(2, 'Dodo', '-', '-', '-', '-', '-');

-- --------------------------------------------------------

--
-- Table structure for table `t02_jaminan`
--

CREATE TABLE `t02_jaminan` (
  `id` int(11) NOT NULL,
  `nasabah_id` int(11) NOT NULL,
  `Merk_Type` varchar(25) NOT NULL,
  `No_Rangka` varchar(50) DEFAULT NULL,
  `No_Mesin` varchar(50) DEFAULT NULL,
  `Warna` varchar(15) DEFAULT NULL,
  `No_Pol` varchar(15) DEFAULT NULL,
  `Keterangan` text,
  `Atas_Nama` varchar(25) DEFAULT NULL
) ENGINE=InnoDB DEFAULT CHARSET=latin1;

--
-- Dumping data for table `t02_jaminan`
--

INSERT INTO `t02_jaminan` (`id`, `nasabah_id`, `Merk_Type`, `No_Rangka`, `No_Mesin`, `Warna`, `No_Pol`, `Keterangan`, `Atas_Nama`) VALUES
(1, 1, 'ATM', '1111', NULL, NULL, NULL, NULL, NULL),
(2, 2, 'ATM', '1234', NULL, NULL, NULL, NULL, NULL),
(3, 2, 'Ijasah', NULL, NULL, NULL, NULL, NULL, NULL);

-- --------------------------------------------------------

--
-- Table structure for table `t03_pinjaman`
--

CREATE TABLE `t03_pinjaman` (
  `id` int(11) NOT NULL,
  `Kontrak_No` varchar(25) NOT NULL,
  `Kontrak_Tgl` date NOT NULL,
  `nasabah_id` int(11) NOT NULL,
  `jaminan_id` varchar(100) NOT NULL,
  `Pinjaman` float(14,2) NOT NULL,
  `Angsuran_Lama` tinyint(4) NOT NULL,
  `Angsuran_Bunga_Prosen` decimal(5,2) NOT NULL DEFAULT '2.25',
  `Angsuran_Denda` decimal(5,2) NOT NULL DEFAULT '0.40',
  `Dispensasi_Denda` tinyint(4) NOT NULL DEFAULT '3',
  `Angsuran_Pokok` float(14,2) NOT NULL,
  `Angsuran_Bunga` float(14,2) NOT NULL,
  `Angsuran_Total` float(14,2) NOT NULL,
  `No_Ref` varchar(25) DEFAULT NULL,
  `Biaya_Administrasi` float(14,2) NOT NULL DEFAULT '0.00',
  `Biaya_Materai` float(14,2) NOT NULL DEFAULT '0.00',
  `marketing_id` int(11) NOT NULL,
  `Periode` varchar(6) NOT NULL
) ENGINE=InnoDB DEFAULT CHARSET=latin1;

--
-- Dumping data for table `t03_pinjaman`
--

INSERT INTO `t03_pinjaman` (`id`, `Kontrak_No`, `Kontrak_Tgl`, `nasabah_id`, `jaminan_id`, `Pinjaman`, `Angsuran_Lama`, `Angsuran_Bunga_Prosen`, `Angsuran_Denda`, `Dispensasi_Denda`, `Angsuran_Pokok`, `Angsuran_Bunga`, `Angsuran_Total`, `No_Ref`, `Biaya_Administrasi`, `Biaya_Materai`, `marketing_id`, `Periode`) VALUES
(1, '1', '2018-11-04', 1, '1', 10400000.00, 12, '2.24', '0.40', 3, 867000.00, 233000.00, 1100000.00, NULL, 0.00, 0.00, 1, ''),
(2, '2', '2018-11-05', 2, '2,3', 13200000.00, 12, '2.25', '0.40', 3, 1100000.00, 297000.00, 1397000.00, NULL, 0.00, 0.00, 2, '201811');

-- --------------------------------------------------------

--
-- Table structure for table `t04_pinjamanangsuran`
--

CREATE TABLE `t04_pinjamanangsuran` (
  `id` int(11) NOT NULL,
  `pinjaman_id` int(11) NOT NULL,
  `Angsuran_Ke` tinyint(4) NOT NULL,
  `Angsuran_Tanggal` date NOT NULL,
  `Angsuran_Pokok` float(14,2) NOT NULL,
  `Angsuran_Bunga` float(14,2) NOT NULL,
  `Angsuran_Total` float(14,2) NOT NULL,
  `Sisa_Hutang` float(14,2) NOT NULL,
  `Tanggal_Bayar` date DEFAULT NULL,
  `Terlambat` smallint(6) DEFAULT NULL,
  `Total_Denda` float(14,2) DEFAULT NULL,
  `Bayar_Titipan` float(14,2) DEFAULT NULL,
  `Bayar_Non_Titipan` float(14,2) DEFAULT NULL,
  `Bayar_Total` float(14,2) DEFAULT NULL,
  `Keterangan` text,
  `Periode` varchar(6) DEFAULT NULL
) ENGINE=InnoDB DEFAULT CHARSET=latin1;

-- --------------------------------------------------------

--
-- Table structure for table `t04_pinjamanangsurantemp`
--

CREATE TABLE `t04_pinjamanangsurantemp` (
  `id` int(11) NOT NULL,
  `pinjaman_id` int(11) NOT NULL,
  `Angsuran_Ke` tinyint(4) NOT NULL,
  `Angsuran_Tanggal` date NOT NULL,
  `Angsuran_Pokok` float(14,2) NOT NULL,
  `Angsuran_Bunga` float(14,2) NOT NULL,
  `Angsuran_Total` float(14,2) NOT NULL,
  `Sisa_Hutang` float(14,2) NOT NULL,
  `Tanggal_Bayar` date DEFAULT NULL,
  `Terlambat` smallint(6) DEFAULT NULL,
  `Total_Denda` float(14,2) DEFAULT NULL,
  `Bayar_Titipan` float(14,2) DEFAULT NULL,
  `Bayar_Non_Titipan` float(14,2) DEFAULT NULL,
  `Bayar_Total` float(14,2) DEFAULT NULL,
  `Keterangan` text,
  `Periode` varchar(6) DEFAULT NULL
) ENGINE=InnoDB DEFAULT CHARSET=latin1;

--
-- Dumping data for table `t04_pinjamanangsurantemp`
--

INSERT INTO `t04_pinjamanangsurantemp` (`id`, `pinjaman_id`, `Angsuran_Ke`, `Angsuran_Tanggal`, `Angsuran_Pokok`, `Angsuran_Bunga`, `Angsuran_Total`, `Sisa_Hutang`, `Tanggal_Bayar`, `Terlambat`, `Total_Denda`, `Bayar_Titipan`, `Bayar_Non_Titipan`, `Bayar_Total`, `Keterangan`, `Periode`) VALUES
(58, 1, 1, '2018-12-04', 867000.00, 233000.00, 1100000.00, 9533000.00, NULL, NULL, NULL, NULL, NULL, NULL, NULL, NULL),
(59, 1, 2, '2019-01-04', 867000.00, 233000.00, 1100000.00, 8666000.00, NULL, NULL, NULL, NULL, NULL, NULL, NULL, NULL),
(60, 1, 3, '2019-02-04', 867000.00, 233000.00, 1100000.00, 7799000.00, NULL, NULL, NULL, NULL, NULL, NULL, NULL, NULL),
(61, 1, 4, '2019-03-04', 867000.00, 233000.00, 1100000.00, 6932000.00, NULL, NULL, NULL, NULL, NULL, NULL, NULL, NULL),
(62, 1, 5, '2019-04-04', 867000.00, 233000.00, 1100000.00, 6065000.00, NULL, NULL, NULL, NULL, NULL, NULL, NULL, NULL),
(63, 1, 6, '2019-05-04', 867000.00, 233000.00, 1100000.00, 5198000.00, NULL, NULL, NULL, NULL, NULL, NULL, NULL, NULL),
(64, 1, 7, '2019-06-04', 867000.00, 233000.00, 1100000.00, 4331000.00, NULL, NULL, NULL, NULL, NULL, NULL, NULL, NULL),
(65, 1, 8, '2019-07-04', 867000.00, 233000.00, 1100000.00, 3464000.00, NULL, NULL, NULL, NULL, NULL, NULL, NULL, NULL),
(66, 1, 9, '2019-08-04', 867000.00, 233000.00, 1100000.00, 2597000.00, NULL, NULL, NULL, NULL, NULL, NULL, NULL, NULL),
(67, 1, 10, '2019-09-04', 867000.00, 233000.00, 1100000.00, 1730000.00, NULL, NULL, NULL, NULL, NULL, NULL, NULL, NULL),
(68, 1, 11, '2019-10-04', 867000.00, 233000.00, 1100000.00, 863000.00, NULL, NULL, NULL, NULL, NULL, NULL, NULL, NULL),
(69, 1, 12, '2019-11-04', 863000.00, 237000.00, 1100000.00, 0.00, NULL, NULL, NULL, NULL, NULL, NULL, NULL, NULL),
(70, 2, 1, '2018-12-05', 1100000.00, 297000.00, 1397000.00, 12100000.00, NULL, NULL, NULL, NULL, NULL, NULL, NULL, NULL),
(71, 2, 2, '2019-01-05', 1100000.00, 297000.00, 1397000.00, 11000000.00, NULL, NULL, NULL, NULL, NULL, NULL, NULL, NULL),
(72, 2, 3, '2019-02-05', 1100000.00, 297000.00, 1397000.00, 9900000.00, NULL, NULL, NULL, NULL, NULL, NULL, NULL, NULL),
(73, 2, 4, '2019-03-05', 1100000.00, 297000.00, 1397000.00, 8800000.00, NULL, NULL, NULL, NULL, NULL, NULL, NULL, NULL),
(74, 2, 5, '2019-04-05', 1100000.00, 297000.00, 1397000.00, 7700000.00, NULL, NULL, NULL, NULL, NULL, NULL, NULL, NULL),
(75, 2, 6, '2019-05-05', 1100000.00, 297000.00, 1397000.00, 6600000.00, NULL, NULL, NULL, NULL, NULL, NULL, NULL, NULL),
(76, 2, 7, '2019-06-05', 1100000.00, 297000.00, 1397000.00, 5500000.00, NULL, NULL, NULL, NULL, NULL, NULL, NULL, NULL),
(77, 2, 8, '2019-07-05', 1100000.00, 297000.00, 1397000.00, 4400000.00, NULL, NULL, NULL, NULL, NULL, NULL, NULL, NULL),
(78, 2, 9, '2019-08-05', 1100000.00, 297000.00, 1397000.00, 3300000.00, NULL, NULL, NULL, NULL, NULL, NULL, NULL, NULL),
(79, 2, 10, '2019-09-05', 1100000.00, 297000.00, 1397000.00, 2200000.00, NULL, NULL, NULL, NULL, NULL, NULL, NULL, NULL),
(80, 2, 11, '2019-10-05', 1100000.00, 297000.00, 1397000.00, 1100000.00, NULL, NULL, NULL, NULL, NULL, NULL, NULL, NULL),
(81, 2, 12, '2019-11-05', 1100000.00, 297000.00, 1397000.00, 0.00, NULL, NULL, NULL, NULL, NULL, NULL, NULL, NULL);

-- --------------------------------------------------------

--
-- Table structure for table `t05_pinjamanjaminan`
--

CREATE TABLE `t05_pinjamanjaminan` (
  `id` int(11) NOT NULL,
  `pinjaman_id` int(11) NOT NULL,
  `jaminan_id` int(11) NOT NULL
) ENGINE=InnoDB DEFAULT CHARSET=latin1;

-- --------------------------------------------------------

--
-- Table structure for table `t06_pinjamantitipan`
--

CREATE TABLE `t06_pinjamantitipan` (
  `id` int(11) NOT NULL,
  `pinjaman_id` int(11) NOT NULL,
  `Tanggal` date NOT NULL,
  `Keterangan` text,
  `Masuk` float(14,2) NOT NULL DEFAULT '0.00',
  `Keluar` float(14,2) NOT NULL DEFAULT '0.00',
  `Sisa` float(14,2) NOT NULL DEFAULT '0.00'
) ENGINE=InnoDB DEFAULT CHARSET=latin1;

-- --------------------------------------------------------

--
-- Table structure for table `t07_marketing`
--

CREATE TABLE `t07_marketing` (
  `id` int(11) NOT NULL,
  `Nama` varchar(50) NOT NULL
) ENGINE=InnoDB DEFAULT CHARSET=latin1;

--
-- Dumping data for table `t07_marketing`
--

INSERT INTO `t07_marketing` (`id`, `Nama`) VALUES
(1, 'Adi'),
(2, 'Ali');

-- --------------------------------------------------------

--
-- Table structure for table `t93_periode`
--

CREATE TABLE `t93_periode` (
  `id` int(11) NOT NULL,
  `Bulan` tinyint(4) NOT NULL,
  `Tahun` smallint(6) NOT NULL,
  `Tahun_Bulan` varchar(6) NOT NULL
) ENGINE=InnoDB DEFAULT CHARSET=latin1;

--
-- Dumping data for table `t93_periode`
--

INSERT INTO `t93_periode` (`id`, `Bulan`, `Tahun`, `Tahun_Bulan`) VALUES
(1, 11, 2018, '201811');

-- --------------------------------------------------------

--
-- Table structure for table `t94_log`
--

CREATE TABLE `t94_log` (
  `id` int(11) NOT NULL,
  `index_` tinyint(4) NOT NULL,
  `subj_` varchar(100) NOT NULL
) ENGINE=InnoDB DEFAULT CHARSET=latin1;

--
-- Dumping data for table `t94_log`
--

INSERT INTO `t94_log` (`id`, `index_`, `subj_`) VALUES
(1, 1, 'application'),
(2, 2, 'pinjaman - master'),
(4, 3, 'pinjaman - angsuran'),
(6, 5, 'pinjaman - titipan'),
(7, 4, 'pinjaman - jaminan'),
(8, 0, 'last update');

-- --------------------------------------------------------

--
-- Table structure for table `t95_logdesc`
--

CREATE TABLE `t95_logdesc` (
  `id` int(11) NOT NULL,
  `log_id` int(11) NOT NULL,
  `date_issued` date NOT NULL,
  `desc_` text NOT NULL,
  `date_solved` date DEFAULT NULL
) ENGINE=InnoDB DEFAULT CHARSET=latin1;

--
-- Dumping data for table `t95_logdesc`
--

INSERT INTO `t95_logdesc` (`id`, `log_id`, `date_issued`, `desc_`, `date_solved`) VALUES
(1, 1, '2018-10-04', 'hilangkan menu SETUP - NASABAH', '2018-10-04'),
(2, 1, '2018-10-04', 'buat modul CHECK FOR UPDATE; aplikasi yang harus ada :: github desktop & gitscm', '2018-10-04'),
(3, 2, '2018-10-04', 'tipe data NOMOR REFERENSI diubah dari integer menjadi varchar', '2018-10-17'),
(5, 4, '2018-10-04', 'check :: jumlah TOTAL PEMBAYARAN harus sama dengan jumlah TOTAL ANGSURAN', '2018-10-04'),
(7, 6, '2018-10-04', 'setelah input setoran TITIPAN :: harus save dulu agar jumlah saldo TITIPAN terupdate', NULL),
(8, 4, '2018-10-18', 'otomatis tampil JUMLAH di semua kolom, JUMLAH : TERLAMBAT, DENDA, BAYAR TITIPAN, dan seterusnya', NULL),
(9, 4, '2018-10-18', 'jumlah TITIPAN langsung tampil bila nasabah memiliki SALDO TITIPAN', NULL),
(10, 4, '2018-10-18', 'nilai TERLAMBAT dan DENDA otomatis rumus, TANGGAL BAYAR dikurangi TANGGAL JATUH TEMPO', NULL),
(11, 4, '2018-10-18', 'read only baris record ANGSURAN, hanya dibuka 1 record saja, yg mana yg akan diproses datanya', '2018-10-29'),
(12, 1, '2018-10-29', 'buat modul SETUP - PERIODE', '2018-10-29'),
(13, 1, '2018-10-29', 'buat modul TUTUP BUKU (BULANAN)', NULL),
(14, 8, '2018-10-29', 'sampai dengan ss 8; lengkapi record di pinjaman - angsuran', NULL),
(15, 8, '2018-10-30', 'sampai dengan ss 9; lengkapi record di pinjaman - angsuran - lengkapi input titipan', NULL);

-- --------------------------------------------------------

--
-- Table structure for table `t96_employees`
--

CREATE TABLE `t96_employees` (
  `EmployeeID` int(11) NOT NULL,
  `LastName` varchar(20) DEFAULT NULL,
  `FirstName` varchar(10) DEFAULT NULL,
  `Title` varchar(30) DEFAULT NULL,
  `TitleOfCourtesy` varchar(25) DEFAULT NULL,
  `BirthDate` datetime DEFAULT NULL,
  `HireDate` datetime DEFAULT NULL,
  `Address` varchar(60) DEFAULT NULL,
  `City` varchar(15) DEFAULT NULL,
  `Region` varchar(15) DEFAULT NULL,
  `PostalCode` varchar(10) DEFAULT NULL,
  `Country` varchar(15) DEFAULT NULL,
  `HomePhone` varchar(24) DEFAULT NULL,
  `Extension` varchar(4) DEFAULT NULL,
  `Email` varchar(30) DEFAULT NULL,
  `Photo` varchar(255) DEFAULT NULL,
  `Notes` longtext,
  `ReportsTo` int(11) DEFAULT NULL,
  `Password` varchar(50) NOT NULL DEFAULT '',
  `UserLevel` int(11) DEFAULT NULL,
  `Username` varchar(20) NOT NULL DEFAULT '',
  `Activated` enum('Y','N') NOT NULL DEFAULT 'N',
  `Profile` longtext
) ENGINE=InnoDB DEFAULT CHARSET=utf8;

--
-- Dumping data for table `t96_employees`
--

INSERT INTO `t96_employees` (`EmployeeID`, `LastName`, `FirstName`, `Title`, `TitleOfCourtesy`, `BirthDate`, `HireDate`, `Address`, `City`, `Region`, `PostalCode`, `Country`, `HomePhone`, `Extension`, `Email`, `Photo`, `Notes`, `ReportsTo`, `Password`, `UserLevel`, `Username`, `Activated`, `Profile`) VALUES
(1, NULL, NULL, NULL, NULL, NULL, NULL, NULL, NULL, NULL, NULL, NULL, NULL, NULL, NULL, NULL, NULL, NULL, '21232f297a57a5a743894a0e4a801fc3', -1, 'admin', 'N', NULL);

-- --------------------------------------------------------

--
-- Table structure for table `t97_userlevels`
--

CREATE TABLE `t97_userlevels` (
  `userlevelid` int(11) NOT NULL,
  `userlevelname` varchar(255) NOT NULL
) ENGINE=InnoDB DEFAULT CHARSET=utf8;

--
-- Dumping data for table `t97_userlevels`
--

INSERT INTO `t97_userlevels` (`userlevelid`, `userlevelname`) VALUES
(-2, 'Anonymous'),
(-1, 'Administrator'),
(0, 'Default');

-- --------------------------------------------------------

--
-- Table structure for table `t98_userlevelpermissions`
--

CREATE TABLE `t98_userlevelpermissions` (
  `userlevelid` int(11) NOT NULL,
  `tablename` varchar(255) NOT NULL,
  `permission` int(11) NOT NULL
) ENGINE=InnoDB DEFAULT CHARSET=utf8;

--
-- Dumping data for table `t98_userlevelpermissions`
--

INSERT INTO `t98_userlevelpermissions` (`userlevelid`, `tablename`, `permission`) VALUES
(-2, '{1F4EE816-E057-4A7E-9024-5EA4446B7598}cf01_home.php', 8),
(-2, '{1F4EE816-E057-4A7E-9024-5EA4446B7598}t01_nasabah', 0),
(-2, '{1F4EE816-E057-4A7E-9024-5EA4446B7598}t02_jaminan', 0),
(-2, '{1F4EE816-E057-4A7E-9024-5EA4446B7598}t03_pinjaman', 0),
(-2, '{1F4EE816-E057-4A7E-9024-5EA4446B7598}t04_pinjamanangsuran', 0),
(-2, '{1F4EE816-E057-4A7E-9024-5EA4446B7598}t05_pinjamanjaminan', 0),
(-2, '{1F4EE816-E057-4A7E-9024-5EA4446B7598}t06_pinjamantitipan', 0),
(-2, '{1F4EE816-E057-4A7E-9024-5EA4446B7598}t94_log', 0),
(-2, '{1F4EE816-E057-4A7E-9024-5EA4446B7598}t95_logdesc', 0),
(-2, '{1F4EE816-E057-4A7E-9024-5EA4446B7598}t96_employees', 0),
(-2, '{1F4EE816-E057-4A7E-9024-5EA4446B7598}t97_userlevels', 0),
(-2, '{1F4EE816-E057-4A7E-9024-5EA4446B7598}t98_userlevelpermissions', 0),
(-2, '{1F4EE816-E057-4A7E-9024-5EA4446B7598}t99_audittrail', 0),
(0, '{1F4EE816-E057-4A7E-9024-5EA4446B7598}cf01_home.php', 0),
(0, '{1F4EE816-E057-4A7E-9024-5EA4446B7598}t01_nasabah', 0),
(0, '{1F4EE816-E057-4A7E-9024-5EA4446B7598}t02_jaminan', 0),
(0, '{1F4EE816-E057-4A7E-9024-5EA4446B7598}t03_pinjaman', 0),
(0, '{1F4EE816-E057-4A7E-9024-5EA4446B7598}t04_pinjamanangsuran', 0),
(0, '{1F4EE816-E057-4A7E-9024-5EA4446B7598}t05_pinjamanjaminan', 0),
(0, '{1F4EE816-E057-4A7E-9024-5EA4446B7598}t06_pinjamantitipan', 0),
(0, '{1F4EE816-E057-4A7E-9024-5EA4446B7598}t94_log', 0),
(0, '{1F4EE816-E057-4A7E-9024-5EA4446B7598}t95_logdesc', 0),
(0, '{1F4EE816-E057-4A7E-9024-5EA4446B7598}t96_employees', 0),
(0, '{1F4EE816-E057-4A7E-9024-5EA4446B7598}t97_userlevels', 0),
(0, '{1F4EE816-E057-4A7E-9024-5EA4446B7598}t98_userlevelpermissions', 0),
(0, '{1F4EE816-E057-4A7E-9024-5EA4446B7598}t99_audittrail', 0);

-- --------------------------------------------------------

--
-- Table structure for table `t99_audittrail`
--

CREATE TABLE `t99_audittrail` (
  `id` int(11) NOT NULL,
  `datetime` datetime NOT NULL,
  `script` varchar(255) DEFAULT NULL,
  `user` varchar(255) DEFAULT NULL,
  `action` varchar(255) DEFAULT NULL,
  `table` varchar(255) DEFAULT NULL,
  `field` varchar(255) DEFAULT NULL,
  `keyvalue` longtext,
  `oldvalue` longtext,
  `newvalue` longtext
) ENGINE=InnoDB DEFAULT CHARSET=latin1;

--
-- Dumping data for table `t99_audittrail`
--

INSERT INTO `t99_audittrail` (`id`, `datetime`, `script`, `user`, `action`, `table`, `field`, `keyvalue`, `oldvalue`, `newvalue`) VALUES
(1, '0000-00-00 00:00:00', NULL, NULL, NULL, NULL, NULL, NULL, NULL, NULL),
(2, '0000-00-00 00:00:00', NULL, NULL, NULL, NULL, NULL, NULL, NULL, NULL),
(3, '0000-00-00 00:00:00', NULL, NULL, NULL, NULL, NULL, NULL, NULL, NULL),
(4, '0000-00-00 00:00:00', NULL, NULL, NULL, NULL, NULL, NULL, NULL, NULL),
(5, '0000-00-00 00:00:00', NULL, NULL, NULL, NULL, NULL, NULL, NULL, NULL),
(6, '0000-00-00 00:00:00', NULL, NULL, NULL, NULL, NULL, NULL, NULL, NULL),
(7, '0000-00-00 00:00:00', NULL, NULL, NULL, NULL, NULL, NULL, NULL, NULL),
(8, '0000-00-00 00:00:00', NULL, NULL, NULL, NULL, NULL, NULL, NULL, NULL),
(9, '0000-00-00 00:00:00', NULL, NULL, NULL, NULL, NULL, NULL, NULL, NULL),
(10, '0000-00-00 00:00:00', NULL, NULL, NULL, NULL, NULL, NULL, NULL, NULL),
(11, '0000-00-00 00:00:00', NULL, NULL, NULL, NULL, NULL, NULL, NULL, NULL),
(12, '0000-00-00 00:00:00', NULL, NULL, NULL, NULL, NULL, NULL, NULL, NULL),
(13, '0000-00-00 00:00:00', NULL, NULL, NULL, NULL, NULL, NULL, NULL, NULL),
(14, '0000-00-00 00:00:00', NULL, NULL, NULL, NULL, NULL, NULL, NULL, NULL),
(15, '0000-00-00 00:00:00', NULL, NULL, NULL, NULL, NULL, NULL, NULL, NULL),
(16, '0000-00-00 00:00:00', NULL, NULL, NULL, NULL, NULL, NULL, NULL, NULL),
(17, '0000-00-00 00:00:00', NULL, NULL, NULL, NULL, NULL, NULL, NULL, NULL),
(18, '0000-00-00 00:00:00', NULL, NULL, NULL, NULL, NULL, NULL, NULL, NULL),
(19, '0000-00-00 00:00:00', NULL, NULL, NULL, NULL, NULL, NULL, NULL, NULL),
(20, '0000-00-00 00:00:00', NULL, NULL, NULL, NULL, NULL, NULL, NULL, NULL),
(21, '0000-00-00 00:00:00', NULL, NULL, NULL, NULL, NULL, NULL, NULL, NULL),
(22, '0000-00-00 00:00:00', NULL, NULL, NULL, NULL, NULL, NULL, NULL, NULL),
(23, '0000-00-00 00:00:00', NULL, NULL, NULL, NULL, NULL, NULL, NULL, NULL),
(24, '0000-00-00 00:00:00', NULL, NULL, NULL, NULL, NULL, NULL, NULL, NULL),
(25, '0000-00-00 00:00:00', NULL, NULL, NULL, NULL, NULL, NULL, NULL, NULL),
(26, '0000-00-00 00:00:00', NULL, NULL, NULL, NULL, NULL, NULL, NULL, NULL),
(27, '0000-00-00 00:00:00', NULL, NULL, NULL, NULL, NULL, NULL, NULL, NULL),
(28, '0000-00-00 00:00:00', NULL, NULL, NULL, NULL, NULL, NULL, NULL, NULL),
(29, '0000-00-00 00:00:00', NULL, NULL, NULL, NULL, NULL, NULL, NULL, NULL),
(30, '0000-00-00 00:00:00', NULL, NULL, NULL, NULL, NULL, NULL, NULL, NULL),
(31, '0000-00-00 00:00:00', NULL, NULL, NULL, NULL, NULL, NULL, NULL, NULL),
(32, '0000-00-00 00:00:00', NULL, NULL, NULL, NULL, NULL, NULL, NULL, NULL),
(33, '0000-00-00 00:00:00', NULL, NULL, NULL, NULL, NULL, NULL, NULL, NULL),
(34, '0000-00-00 00:00:00', NULL, NULL, NULL, NULL, NULL, NULL, NULL, NULL),
(35, '0000-00-00 00:00:00', NULL, NULL, NULL, NULL, NULL, NULL, NULL, NULL),
(36, '0000-00-00 00:00:00', NULL, NULL, NULL, NULL, NULL, NULL, NULL, NULL),
(37, '0000-00-00 00:00:00', NULL, NULL, NULL, NULL, NULL, NULL, NULL, NULL),
(38, '0000-00-00 00:00:00', NULL, NULL, NULL, NULL, NULL, NULL, NULL, NULL),
(39, '0000-00-00 00:00:00', NULL, NULL, NULL, NULL, NULL, NULL, NULL, NULL),
(40, '0000-00-00 00:00:00', NULL, NULL, NULL, NULL, NULL, NULL, NULL, NULL),
(41, '0000-00-00 00:00:00', NULL, NULL, NULL, NULL, NULL, NULL, NULL, NULL),
(42, '0000-00-00 00:00:00', NULL, NULL, NULL, NULL, NULL, NULL, NULL, NULL),
(43, '0000-00-00 00:00:00', NULL, NULL, NULL, NULL, NULL, NULL, NULL, NULL),
(44, '0000-00-00 00:00:00', NULL, NULL, NULL, NULL, NULL, NULL, NULL, NULL),
(45, '0000-00-00 00:00:00', NULL, NULL, NULL, NULL, NULL, NULL, NULL, NULL),
(46, '0000-00-00 00:00:00', NULL, NULL, NULL, NULL, NULL, NULL, NULL, NULL),
(47, '0000-00-00 00:00:00', NULL, NULL, NULL, NULL, NULL, NULL, NULL, NULL),
(48, '0000-00-00 00:00:00', NULL, NULL, NULL, NULL, NULL, NULL, NULL, NULL),
(49, '0000-00-00 00:00:00', NULL, NULL, NULL, NULL, NULL, NULL, NULL, NULL),
(50, '0000-00-00 00:00:00', NULL, NULL, NULL, NULL, NULL, NULL, NULL, NULL),
(51, '0000-00-00 00:00:00', NULL, NULL, NULL, NULL, NULL, NULL, NULL, NULL),
(52, '0000-00-00 00:00:00', NULL, NULL, NULL, NULL, NULL, NULL, NULL, NULL),
(53, '0000-00-00 00:00:00', NULL, NULL, NULL, NULL, NULL, NULL, NULL, NULL),
(54, '0000-00-00 00:00:00', NULL, NULL, NULL, NULL, NULL, NULL, NULL, NULL),
(55, '0000-00-00 00:00:00', NULL, NULL, NULL, NULL, NULL, NULL, NULL, NULL),
(56, '0000-00-00 00:00:00', NULL, NULL, NULL, NULL, NULL, NULL, NULL, NULL),
(57, '0000-00-00 00:00:00', NULL, NULL, NULL, NULL, NULL, NULL, NULL, NULL),
(58, '0000-00-00 00:00:00', NULL, NULL, NULL, NULL, NULL, NULL, NULL, NULL),
(59, '0000-00-00 00:00:00', NULL, NULL, NULL, NULL, NULL, NULL, NULL, NULL),
(60, '0000-00-00 00:00:00', NULL, NULL, NULL, NULL, NULL, NULL, NULL, NULL),
(61, '0000-00-00 00:00:00', NULL, NULL, NULL, NULL, NULL, NULL, NULL, NULL),
(62, '0000-00-00 00:00:00', NULL, NULL, NULL, NULL, NULL, NULL, NULL, NULL),
(63, '0000-00-00 00:00:00', NULL, NULL, NULL, NULL, NULL, NULL, NULL, NULL),
(64, '0000-00-00 00:00:00', NULL, NULL, NULL, NULL, NULL, NULL, NULL, NULL),
(65, '0000-00-00 00:00:00', NULL, NULL, NULL, NULL, NULL, NULL, NULL, NULL),
(66, '0000-00-00 00:00:00', NULL, NULL, NULL, NULL, NULL, NULL, NULL, NULL),
(67, '0000-00-00 00:00:00', NULL, NULL, NULL, NULL, NULL, NULL, NULL, NULL),
(68, '0000-00-00 00:00:00', NULL, NULL, NULL, NULL, NULL, NULL, NULL, NULL),
(69, '0000-00-00 00:00:00', NULL, NULL, NULL, NULL, NULL, NULL, NULL, NULL),
(70, '0000-00-00 00:00:00', NULL, NULL, NULL, NULL, NULL, NULL, NULL, NULL),
(71, '0000-00-00 00:00:00', NULL, NULL, NULL, NULL, NULL, NULL, NULL, NULL),
(72, '0000-00-00 00:00:00', NULL, NULL, NULL, NULL, NULL, NULL, NULL, NULL),
(73, '0000-00-00 00:00:00', NULL, NULL, NULL, NULL, NULL, NULL, NULL, NULL),
(74, '0000-00-00 00:00:00', NULL, NULL, NULL, NULL, NULL, NULL, NULL, NULL),
(75, '0000-00-00 00:00:00', NULL, NULL, NULL, NULL, NULL, NULL, NULL, NULL),
(76, '0000-00-00 00:00:00', NULL, NULL, NULL, NULL, NULL, NULL, NULL, NULL),
(77, '0000-00-00 00:00:00', NULL, NULL, NULL, NULL, NULL, NULL, NULL, NULL),
(78, '0000-00-00 00:00:00', NULL, NULL, NULL, NULL, NULL, NULL, NULL, NULL),
(79, '0000-00-00 00:00:00', NULL, NULL, NULL, NULL, NULL, NULL, NULL, NULL),
(80, '0000-00-00 00:00:00', NULL, NULL, NULL, NULL, NULL, NULL, NULL, NULL),
(81, '0000-00-00 00:00:00', NULL, NULL, NULL, NULL, NULL, NULL, NULL, NULL),
(82, '0000-00-00 00:00:00', NULL, NULL, NULL, NULL, NULL, NULL, NULL, NULL),
(83, '0000-00-00 00:00:00', NULL, NULL, NULL, NULL, NULL, NULL, NULL, NULL),
(84, '0000-00-00 00:00:00', NULL, NULL, NULL, NULL, NULL, NULL, NULL, NULL),
(85, '0000-00-00 00:00:00', NULL, NULL, NULL, NULL, NULL, NULL, NULL, NULL),
(86, '0000-00-00 00:00:00', NULL, NULL, NULL, NULL, NULL, NULL, NULL, NULL),
(87, '0000-00-00 00:00:00', NULL, NULL, NULL, NULL, NULL, NULL, NULL, NULL),
(88, '0000-00-00 00:00:00', NULL, NULL, NULL, NULL, NULL, NULL, NULL, NULL),
(89, '0000-00-00 00:00:00', NULL, NULL, NULL, NULL, NULL, NULL, NULL, NULL),
(90, '0000-00-00 00:00:00', NULL, NULL, NULL, NULL, NULL, NULL, NULL, NULL),
(91, '0000-00-00 00:00:00', NULL, NULL, NULL, NULL, NULL, NULL, NULL, NULL),
(92, '0000-00-00 00:00:00', NULL, NULL, NULL, NULL, NULL, NULL, NULL, NULL),
(93, '0000-00-00 00:00:00', NULL, NULL, NULL, NULL, NULL, NULL, NULL, NULL),
(94, '0000-00-00 00:00:00', NULL, NULL, NULL, NULL, NULL, NULL, NULL, NULL),
(95, '0000-00-00 00:00:00', NULL, NULL, NULL, NULL, NULL, NULL, NULL, NULL),
(96, '0000-00-00 00:00:00', NULL, NULL, NULL, NULL, NULL, NULL, NULL, NULL),
(97, '0000-00-00 00:00:00', NULL, NULL, NULL, NULL, NULL, NULL, NULL, NULL),
(98, '0000-00-00 00:00:00', NULL, NULL, NULL, NULL, NULL, NULL, NULL, NULL),
(99, '0000-00-00 00:00:00', NULL, NULL, NULL, NULL, NULL, NULL, NULL, NULL),
(100, '0000-00-00 00:00:00', NULL, NULL, NULL, NULL, NULL, NULL, NULL, NULL),
(101, '0000-00-00 00:00:00', NULL, NULL, NULL, NULL, NULL, NULL, NULL, NULL),
(102, '0000-00-00 00:00:00', NULL, NULL, NULL, NULL, NULL, NULL, NULL, NULL),
(103, '0000-00-00 00:00:00', NULL, NULL, NULL, NULL, NULL, NULL, NULL, NULL),
(104, '0000-00-00 00:00:00', NULL, NULL, NULL, NULL, NULL, NULL, NULL, NULL),
(105, '0000-00-00 00:00:00', NULL, NULL, NULL, NULL, NULL, NULL, NULL, NULL),
(106, '0000-00-00 00:00:00', NULL, NULL, NULL, NULL, NULL, NULL, NULL, NULL),
(107, '0000-00-00 00:00:00', NULL, NULL, NULL, NULL, NULL, NULL, NULL, NULL),
(108, '0000-00-00 00:00:00', NULL, NULL, NULL, NULL, NULL, NULL, NULL, NULL),
(109, '0000-00-00 00:00:00', NULL, NULL, NULL, NULL, NULL, NULL, NULL, NULL),
(110, '0000-00-00 00:00:00', NULL, NULL, NULL, NULL, NULL, NULL, NULL, NULL),
(111, '0000-00-00 00:00:00', NULL, NULL, NULL, NULL, NULL, NULL, NULL, NULL),
(112, '0000-00-00 00:00:00', NULL, NULL, NULL, NULL, NULL, NULL, NULL, NULL),
(113, '0000-00-00 00:00:00', NULL, NULL, NULL, NULL, NULL, NULL, NULL, NULL),
(114, '0000-00-00 00:00:00', NULL, NULL, NULL, NULL, NULL, NULL, NULL, NULL),
(115, '0000-00-00 00:00:00', NULL, NULL, NULL, NULL, NULL, NULL, NULL, NULL),
(116, '0000-00-00 00:00:00', NULL, NULL, NULL, NULL, NULL, NULL, NULL, NULL),
(117, '0000-00-00 00:00:00', NULL, NULL, NULL, NULL, NULL, NULL, NULL, NULL),
(118, '0000-00-00 00:00:00', NULL, NULL, NULL, NULL, NULL, NULL, NULL, NULL),
(119, '0000-00-00 00:00:00', NULL, NULL, NULL, NULL, NULL, NULL, NULL, NULL),
(120, '0000-00-00 00:00:00', NULL, NULL, NULL, NULL, NULL, NULL, NULL, NULL),
(121, '0000-00-00 00:00:00', NULL, NULL, NULL, NULL, NULL, NULL, NULL, NULL),
(122, '0000-00-00 00:00:00', NULL, NULL, NULL, NULL, NULL, NULL, NULL, NULL),
(123, '0000-00-00 00:00:00', NULL, NULL, NULL, NULL, NULL, NULL, NULL, NULL),
(124, '0000-00-00 00:00:00', NULL, NULL, NULL, NULL, NULL, NULL, NULL, NULL),
(125, '0000-00-00 00:00:00', NULL, NULL, NULL, NULL, NULL, NULL, NULL, NULL),
(126, '0000-00-00 00:00:00', NULL, NULL, NULL, NULL, NULL, NULL, NULL, NULL),
(127, '0000-00-00 00:00:00', NULL, NULL, NULL, NULL, NULL, NULL, NULL, NULL),
(128, '0000-00-00 00:00:00', NULL, NULL, NULL, NULL, NULL, NULL, NULL, NULL),
(129, '0000-00-00 00:00:00', NULL, NULL, NULL, NULL, NULL, NULL, NULL, NULL),
(130, '0000-00-00 00:00:00', NULL, NULL, NULL, NULL, NULL, NULL, NULL, NULL),
(131, '0000-00-00 00:00:00', NULL, NULL, NULL, NULL, NULL, NULL, NULL, NULL),
(132, '0000-00-00 00:00:00', NULL, NULL, NULL, NULL, NULL, NULL, NULL, NULL),
(133, '0000-00-00 00:00:00', NULL, NULL, NULL, NULL, NULL, NULL, NULL, NULL),
(134, '0000-00-00 00:00:00', NULL, NULL, NULL, NULL, NULL, NULL, NULL, NULL),
(135, '0000-00-00 00:00:00', NULL, NULL, NULL, NULL, NULL, NULL, NULL, NULL),
(136, '0000-00-00 00:00:00', NULL, NULL, NULL, NULL, NULL, NULL, NULL, NULL),
(137, '0000-00-00 00:00:00', NULL, NULL, NULL, NULL, NULL, NULL, NULL, NULL),
(138, '0000-00-00 00:00:00', NULL, NULL, NULL, NULL, NULL, NULL, NULL, NULL),
(139, '0000-00-00 00:00:00', NULL, NULL, NULL, NULL, NULL, NULL, NULL, NULL),
(140, '0000-00-00 00:00:00', NULL, NULL, NULL, NULL, NULL, NULL, NULL, NULL),
(141, '0000-00-00 00:00:00', NULL, NULL, NULL, NULL, NULL, NULL, NULL, NULL),
(142, '0000-00-00 00:00:00', NULL, NULL, NULL, NULL, NULL, NULL, NULL, NULL),
(143, '0000-00-00 00:00:00', NULL, NULL, NULL, NULL, NULL, NULL, NULL, NULL),
(144, '0000-00-00 00:00:00', NULL, NULL, NULL, NULL, NULL, NULL, NULL, NULL),
(145, '0000-00-00 00:00:00', NULL, NULL, NULL, NULL, NULL, NULL, NULL, NULL),
(146, '0000-00-00 00:00:00', NULL, NULL, NULL, NULL, NULL, NULL, NULL, NULL),
(147, '0000-00-00 00:00:00', NULL, NULL, NULL, NULL, NULL, NULL, NULL, NULL),
(148, '0000-00-00 00:00:00', NULL, NULL, NULL, NULL, NULL, NULL, NULL, NULL),
(149, '0000-00-00 00:00:00', NULL, NULL, NULL, NULL, NULL, NULL, NULL, NULL),
(150, '0000-00-00 00:00:00', NULL, NULL, NULL, NULL, NULL, NULL, NULL, NULL),
(151, '0000-00-00 00:00:00', NULL, NULL, NULL, NULL, NULL, NULL, NULL, NULL),
(152, '0000-00-00 00:00:00', NULL, NULL, NULL, NULL, NULL, NULL, NULL, NULL),
(153, '0000-00-00 00:00:00', NULL, NULL, NULL, NULL, NULL, NULL, NULL, NULL),
(154, '0000-00-00 00:00:00', NULL, NULL, NULL, NULL, NULL, NULL, NULL, NULL),
(155, '0000-00-00 00:00:00', NULL, NULL, NULL, NULL, NULL, NULL, NULL, NULL),
(156, '0000-00-00 00:00:00', NULL, NULL, NULL, NULL, NULL, NULL, NULL, NULL),
(157, '0000-00-00 00:00:00', NULL, NULL, NULL, NULL, NULL, NULL, NULL, NULL),
(158, '0000-00-00 00:00:00', NULL, NULL, NULL, NULL, NULL, NULL, NULL, NULL),
(159, '0000-00-00 00:00:00', NULL, NULL, NULL, NULL, NULL, NULL, NULL, NULL),
(160, '0000-00-00 00:00:00', NULL, NULL, NULL, NULL, NULL, NULL, NULL, NULL),
(161, '0000-00-00 00:00:00', NULL, NULL, NULL, NULL, NULL, NULL, NULL, NULL),
(162, '0000-00-00 00:00:00', NULL, NULL, NULL, NULL, NULL, NULL, NULL, NULL),
(163, '0000-00-00 00:00:00', NULL, NULL, NULL, NULL, NULL, NULL, NULL, NULL),
(164, '0000-00-00 00:00:00', NULL, NULL, NULL, NULL, NULL, NULL, NULL, NULL),
(165, '0000-00-00 00:00:00', NULL, NULL, NULL, NULL, NULL, NULL, NULL, NULL),
(166, '0000-00-00 00:00:00', NULL, NULL, NULL, NULL, NULL, NULL, NULL, NULL),
(167, '0000-00-00 00:00:00', NULL, NULL, NULL, NULL, NULL, NULL, NULL, NULL),
(168, '0000-00-00 00:00:00', NULL, NULL, NULL, NULL, NULL, NULL, NULL, NULL),
(169, '0000-00-00 00:00:00', NULL, NULL, NULL, NULL, NULL, NULL, NULL, NULL),
(170, '0000-00-00 00:00:00', NULL, NULL, NULL, NULL, NULL, NULL, NULL, NULL),
(171, '0000-00-00 00:00:00', NULL, NULL, NULL, NULL, NULL, NULL, NULL, NULL),
(172, '0000-00-00 00:00:00', NULL, NULL, NULL, NULL, NULL, NULL, NULL, NULL),
(173, '0000-00-00 00:00:00', NULL, NULL, NULL, NULL, NULL, NULL, NULL, NULL),
(174, '0000-00-00 00:00:00', NULL, NULL, NULL, NULL, NULL, NULL, NULL, NULL),
(175, '0000-00-00 00:00:00', NULL, NULL, NULL, NULL, NULL, NULL, NULL, NULL),
(176, '0000-00-00 00:00:00', NULL, NULL, NULL, NULL, NULL, NULL, NULL, NULL),
(177, '0000-00-00 00:00:00', NULL, NULL, NULL, NULL, NULL, NULL, NULL, NULL),
(178, '0000-00-00 00:00:00', NULL, NULL, NULL, NULL, NULL, NULL, NULL, NULL),
(179, '0000-00-00 00:00:00', NULL, NULL, NULL, NULL, NULL, NULL, NULL, NULL),
(180, '0000-00-00 00:00:00', NULL, NULL, NULL, NULL, NULL, NULL, NULL, NULL),
(181, '0000-00-00 00:00:00', NULL, NULL, NULL, NULL, NULL, NULL, NULL, NULL),
(182, '0000-00-00 00:00:00', NULL, NULL, NULL, NULL, NULL, NULL, NULL, NULL),
(183, '0000-00-00 00:00:00', NULL, NULL, NULL, NULL, NULL, NULL, NULL, NULL),
(184, '0000-00-00 00:00:00', NULL, NULL, NULL, NULL, NULL, NULL, NULL, NULL),
(185, '0000-00-00 00:00:00', NULL, NULL, NULL, NULL, NULL, NULL, NULL, NULL),
(186, '0000-00-00 00:00:00', NULL, NULL, NULL, NULL, NULL, NULL, NULL, NULL),
(187, '0000-00-00 00:00:00', NULL, NULL, NULL, NULL, NULL, NULL, NULL, NULL),
(188, '0000-00-00 00:00:00', NULL, NULL, NULL, NULL, NULL, NULL, NULL, NULL),
(189, '0000-00-00 00:00:00', NULL, NULL, NULL, NULL, NULL, NULL, NULL, NULL),
(190, '0000-00-00 00:00:00', NULL, NULL, NULL, NULL, NULL, NULL, NULL, NULL),
(191, '0000-00-00 00:00:00', NULL, NULL, NULL, NULL, NULL, NULL, NULL, NULL),
(192, '0000-00-00 00:00:00', NULL, NULL, NULL, NULL, NULL, NULL, NULL, NULL),
(193, '0000-00-00 00:00:00', NULL, NULL, NULL, NULL, NULL, NULL, NULL, NULL),
(194, '0000-00-00 00:00:00', NULL, NULL, NULL, NULL, NULL, NULL, NULL, NULL),
(195, '0000-00-00 00:00:00', NULL, NULL, NULL, NULL, NULL, NULL, NULL, NULL),
(196, '0000-00-00 00:00:00', NULL, NULL, NULL, NULL, NULL, NULL, NULL, NULL),
(197, '0000-00-00 00:00:00', NULL, NULL, NULL, NULL, NULL, NULL, NULL, NULL),
(198, '0000-00-00 00:00:00', NULL, NULL, NULL, NULL, NULL, NULL, NULL, NULL),
(199, '0000-00-00 00:00:00', NULL, NULL, NULL, NULL, NULL, NULL, NULL, NULL),
(200, '0000-00-00 00:00:00', NULL, NULL, NULL, NULL, NULL, NULL, NULL, NULL),
(201, '0000-00-00 00:00:00', NULL, NULL, NULL, NULL, NULL, NULL, NULL, NULL),
(202, '0000-00-00 00:00:00', NULL, NULL, NULL, NULL, NULL, NULL, NULL, NULL),
(203, '0000-00-00 00:00:00', NULL, NULL, NULL, NULL, NULL, NULL, NULL, NULL),
(204, '0000-00-00 00:00:00', NULL, NULL, NULL, NULL, NULL, NULL, NULL, NULL),
(205, '0000-00-00 00:00:00', NULL, NULL, NULL, NULL, NULL, NULL, NULL, NULL),
(206, '0000-00-00 00:00:00', NULL, NULL, NULL, NULL, NULL, NULL, NULL, NULL),
(207, '0000-00-00 00:00:00', NULL, NULL, NULL, NULL, NULL, NULL, NULL, NULL),
(208, '0000-00-00 00:00:00', NULL, NULL, NULL, NULL, NULL, NULL, NULL, NULL),
(209, '0000-00-00 00:00:00', NULL, NULL, NULL, NULL, NULL, NULL, NULL, NULL),
(210, '0000-00-00 00:00:00', NULL, NULL, NULL, NULL, NULL, NULL, NULL, NULL),
(211, '0000-00-00 00:00:00', NULL, NULL, NULL, NULL, NULL, NULL, NULL, NULL),
(212, '0000-00-00 00:00:00', NULL, NULL, NULL, NULL, NULL, NULL, NULL, NULL),
(213, '0000-00-00 00:00:00', NULL, NULL, NULL, NULL, NULL, NULL, NULL, NULL),
(214, '0000-00-00 00:00:00', NULL, NULL, NULL, NULL, NULL, NULL, NULL, NULL),
(215, '0000-00-00 00:00:00', NULL, NULL, NULL, NULL, NULL, NULL, NULL, NULL),
(216, '0000-00-00 00:00:00', NULL, NULL, NULL, NULL, NULL, NULL, NULL, NULL),
(217, '0000-00-00 00:00:00', NULL, NULL, NULL, NULL, NULL, NULL, NULL, NULL),
(218, '0000-00-00 00:00:00', NULL, NULL, NULL, NULL, NULL, NULL, NULL, NULL),
(219, '0000-00-00 00:00:00', NULL, NULL, NULL, NULL, NULL, NULL, NULL, NULL),
(220, '0000-00-00 00:00:00', NULL, NULL, NULL, NULL, NULL, NULL, NULL, NULL),
(221, '0000-00-00 00:00:00', NULL, NULL, NULL, NULL, NULL, NULL, NULL, NULL),
(222, '0000-00-00 00:00:00', NULL, NULL, NULL, NULL, NULL, NULL, NULL, NULL),
(223, '0000-00-00 00:00:00', NULL, NULL, NULL, NULL, NULL, NULL, NULL, NULL),
(224, '0000-00-00 00:00:00', NULL, NULL, NULL, NULL, NULL, NULL, NULL, NULL),
(225, '0000-00-00 00:00:00', NULL, NULL, NULL, NULL, NULL, NULL, NULL, NULL),
(226, '0000-00-00 00:00:00', NULL, NULL, NULL, NULL, NULL, NULL, NULL, NULL),
(227, '0000-00-00 00:00:00', NULL, NULL, NULL, NULL, NULL, NULL, NULL, NULL),
(228, '0000-00-00 00:00:00', NULL, NULL, NULL, NULL, NULL, NULL, NULL, NULL),
(229, '0000-00-00 00:00:00', NULL, NULL, NULL, NULL, NULL, NULL, NULL, NULL),
(230, '0000-00-00 00:00:00', NULL, NULL, NULL, NULL, NULL, NULL, NULL, NULL),
(231, '0000-00-00 00:00:00', NULL, NULL, NULL, NULL, NULL, NULL, NULL, NULL),
(232, '0000-00-00 00:00:00', NULL, NULL, NULL, NULL, NULL, NULL, NULL, NULL),
(233, '0000-00-00 00:00:00', NULL, NULL, NULL, NULL, NULL, NULL, NULL, NULL),
(234, '0000-00-00 00:00:00', NULL, NULL, NULL, NULL, NULL, NULL, NULL, NULL),
(235, '0000-00-00 00:00:00', NULL, NULL, NULL, NULL, NULL, NULL, NULL, NULL),
(236, '0000-00-00 00:00:00', NULL, NULL, NULL, NULL, NULL, NULL, NULL, NULL),
(237, '0000-00-00 00:00:00', NULL, NULL, NULL, NULL, NULL, NULL, NULL, NULL),
(238, '0000-00-00 00:00:00', NULL, NULL, NULL, NULL, NULL, NULL, NULL, NULL),
(239, '0000-00-00 00:00:00', NULL, NULL, NULL, NULL, NULL, NULL, NULL, NULL),
(240, '0000-00-00 00:00:00', NULL, NULL, NULL, NULL, NULL, NULL, NULL, NULL),
(241, '0000-00-00 00:00:00', NULL, NULL, NULL, NULL, NULL, NULL, NULL, NULL),
(242, '0000-00-00 00:00:00', NULL, NULL, NULL, NULL, NULL, NULL, NULL, NULL),
(243, '0000-00-00 00:00:00', NULL, NULL, NULL, NULL, NULL, NULL, NULL, NULL),
(244, '0000-00-00 00:00:00', NULL, NULL, NULL, NULL, NULL, NULL, NULL, NULL),
(245, '0000-00-00 00:00:00', NULL, NULL, NULL, NULL, NULL, NULL, NULL, NULL),
(246, '0000-00-00 00:00:00', NULL, NULL, NULL, NULL, NULL, NULL, NULL, NULL),
(247, '0000-00-00 00:00:00', NULL, NULL, NULL, NULL, NULL, NULL, NULL, NULL),
(248, '0000-00-00 00:00:00', NULL, NULL, NULL, NULL, NULL, NULL, NULL, NULL),
(249, '0000-00-00 00:00:00', NULL, NULL, NULL, NULL, NULL, NULL, NULL, NULL),
(250, '0000-00-00 00:00:00', NULL, NULL, NULL, NULL, NULL, NULL, NULL, NULL),
(251, '0000-00-00 00:00:00', NULL, NULL, NULL, NULL, NULL, NULL, NULL, NULL),
(252, '0000-00-00 00:00:00', NULL, NULL, NULL, NULL, NULL, NULL, NULL, NULL),
(253, '0000-00-00 00:00:00', NULL, NULL, NULL, NULL, NULL, NULL, NULL, NULL),
(254, '0000-00-00 00:00:00', NULL, NULL, NULL, NULL, NULL, NULL, NULL, NULL),
(255, '0000-00-00 00:00:00', NULL, NULL, NULL, NULL, NULL, NULL, NULL, NULL),
(256, '0000-00-00 00:00:00', NULL, NULL, NULL, NULL, NULL, NULL, NULL, NULL),
(257, '0000-00-00 00:00:00', NULL, NULL, NULL, NULL, NULL, NULL, NULL, NULL),
(258, '0000-00-00 00:00:00', NULL, NULL, NULL, NULL, NULL, NULL, NULL, NULL),
(259, '0000-00-00 00:00:00', NULL, NULL, NULL, NULL, NULL, NULL, NULL, NULL),
(260, '0000-00-00 00:00:00', NULL, NULL, NULL, NULL, NULL, NULL, NULL, NULL),
(261, '0000-00-00 00:00:00', NULL, NULL, NULL, NULL, NULL, NULL, NULL, NULL),
(262, '0000-00-00 00:00:00', NULL, NULL, NULL, NULL, NULL, NULL, NULL, NULL),
(263, '0000-00-00 00:00:00', NULL, NULL, NULL, NULL, NULL, NULL, NULL, NULL),
(264, '0000-00-00 00:00:00', NULL, NULL, NULL, NULL, NULL, NULL, NULL, NULL),
(265, '0000-00-00 00:00:00', NULL, NULL, NULL, NULL, NULL, NULL, NULL, NULL),
(266, '0000-00-00 00:00:00', NULL, NULL, NULL, NULL, NULL, NULL, NULL, NULL),
(267, '0000-00-00 00:00:00', NULL, NULL, NULL, NULL, NULL, NULL, NULL, NULL),
(268, '0000-00-00 00:00:00', NULL, NULL, NULL, NULL, NULL, NULL, NULL, NULL),
(269, '0000-00-00 00:00:00', NULL, NULL, NULL, NULL, NULL, NULL, NULL, NULL),
(270, '0000-00-00 00:00:00', NULL, NULL, NULL, NULL, NULL, NULL, NULL, NULL),
(271, '0000-00-00 00:00:00', NULL, NULL, NULL, NULL, NULL, NULL, NULL, NULL),
(272, '0000-00-00 00:00:00', NULL, NULL, NULL, NULL, NULL, NULL, NULL, NULL),
(273, '0000-00-00 00:00:00', NULL, NULL, NULL, NULL, NULL, NULL, NULL, NULL),
(274, '0000-00-00 00:00:00', NULL, NULL, NULL, NULL, NULL, NULL, NULL, NULL),
(275, '0000-00-00 00:00:00', NULL, NULL, NULL, NULL, NULL, NULL, NULL, NULL),
(276, '0000-00-00 00:00:00', NULL, NULL, NULL, NULL, NULL, NULL, NULL, NULL),
(277, '0000-00-00 00:00:00', NULL, NULL, NULL, NULL, NULL, NULL, NULL, NULL),
(278, '0000-00-00 00:00:00', NULL, NULL, NULL, NULL, NULL, NULL, NULL, NULL),
(279, '0000-00-00 00:00:00', NULL, NULL, NULL, NULL, NULL, NULL, NULL, NULL),
(280, '0000-00-00 00:00:00', NULL, NULL, NULL, NULL, NULL, NULL, NULL, NULL),
(281, '0000-00-00 00:00:00', NULL, NULL, NULL, NULL, NULL, NULL, NULL, NULL),
(282, '0000-00-00 00:00:00', NULL, NULL, NULL, NULL, NULL, NULL, NULL, NULL),
(283, '0000-00-00 00:00:00', NULL, NULL, NULL, NULL, NULL, NULL, NULL, NULL),
(284, '0000-00-00 00:00:00', NULL, NULL, NULL, NULL, NULL, NULL, NULL, NULL),
(285, '0000-00-00 00:00:00', NULL, NULL, NULL, NULL, NULL, NULL, NULL, NULL),
(286, '0000-00-00 00:00:00', NULL, NULL, NULL, NULL, NULL, NULL, NULL, NULL),
(287, '0000-00-00 00:00:00', NULL, NULL, NULL, NULL, NULL, NULL, NULL, NULL),
(288, '0000-00-00 00:00:00', NULL, NULL, NULL, NULL, NULL, NULL, NULL, NULL),
(289, '0000-00-00 00:00:00', NULL, NULL, NULL, NULL, NULL, NULL, NULL, NULL),
(290, '0000-00-00 00:00:00', NULL, NULL, NULL, NULL, NULL, NULL, NULL, NULL),
(291, '0000-00-00 00:00:00', NULL, NULL, NULL, NULL, NULL, NULL, NULL, NULL),
(292, '0000-00-00 00:00:00', NULL, NULL, NULL, NULL, NULL, NULL, NULL, NULL),
(293, '0000-00-00 00:00:00', NULL, NULL, NULL, NULL, NULL, NULL, NULL, NULL),
(294, '0000-00-00 00:00:00', NULL, NULL, NULL, NULL, NULL, NULL, NULL, NULL),
(295, '0000-00-00 00:00:00', NULL, NULL, NULL, NULL, NULL, NULL, NULL, NULL),
(296, '0000-00-00 00:00:00', NULL, NULL, NULL, NULL, NULL, NULL, NULL, NULL),
(297, '0000-00-00 00:00:00', NULL, NULL, NULL, NULL, NULL, NULL, NULL, NULL);

--
-- Indexes for dumped tables
--

--
-- Indexes for table `t01_nasabah`
--
ALTER TABLE `t01_nasabah`
  ADD PRIMARY KEY (`id`);

--
-- Indexes for table `t02_jaminan`
--
ALTER TABLE `t02_jaminan`
  ADD PRIMARY KEY (`id`);

--
-- Indexes for table `t03_pinjaman`
--
ALTER TABLE `t03_pinjaman`
  ADD PRIMARY KEY (`id`);

--
-- Indexes for table `t04_pinjamanangsuran`
--
ALTER TABLE `t04_pinjamanangsuran`
  ADD PRIMARY KEY (`id`);

--
-- Indexes for table `t04_pinjamanangsurantemp`
--
ALTER TABLE `t04_pinjamanangsurantemp`
  ADD PRIMARY KEY (`id`);

--
-- Indexes for table `t05_pinjamanjaminan`
--
ALTER TABLE `t05_pinjamanjaminan`
  ADD PRIMARY KEY (`id`);

--
-- Indexes for table `t06_pinjamantitipan`
--
ALTER TABLE `t06_pinjamantitipan`
  ADD PRIMARY KEY (`id`);

--
-- Indexes for table `t07_marketing`
--
ALTER TABLE `t07_marketing`
  ADD PRIMARY KEY (`id`);

--
-- Indexes for table `t93_periode`
--
ALTER TABLE `t93_periode`
  ADD PRIMARY KEY (`id`);

--
-- Indexes for table `t94_log`
--
ALTER TABLE `t94_log`
  ADD PRIMARY KEY (`id`);

--
-- Indexes for table `t95_logdesc`
--
ALTER TABLE `t95_logdesc`
  ADD PRIMARY KEY (`id`);

--
-- Indexes for table `t96_employees`
--
ALTER TABLE `t96_employees`
  ADD PRIMARY KEY (`EmployeeID`),
  ADD UNIQUE KEY `Username` (`Username`);

--
-- Indexes for table `t97_userlevels`
--
ALTER TABLE `t97_userlevels`
  ADD PRIMARY KEY (`userlevelid`);

--
-- Indexes for table `t98_userlevelpermissions`
--
ALTER TABLE `t98_userlevelpermissions`
  ADD PRIMARY KEY (`userlevelid`,`tablename`);

--
-- Indexes for table `t99_audittrail`
--
ALTER TABLE `t99_audittrail`
  ADD PRIMARY KEY (`id`);

--
-- AUTO_INCREMENT for dumped tables
--

--
-- AUTO_INCREMENT for table `t01_nasabah`
--
ALTER TABLE `t01_nasabah`
  MODIFY `id` int(11) NOT NULL AUTO_INCREMENT, AUTO_INCREMENT=3;

--
-- AUTO_INCREMENT for table `t02_jaminan`
--
ALTER TABLE `t02_jaminan`
  MODIFY `id` int(11) NOT NULL AUTO_INCREMENT, AUTO_INCREMENT=4;

--
-- AUTO_INCREMENT for table `t03_pinjaman`
--
ALTER TABLE `t03_pinjaman`
  MODIFY `id` int(11) NOT NULL AUTO_INCREMENT, AUTO_INCREMENT=3;

--
-- AUTO_INCREMENT for table `t04_pinjamanangsuran`
--
ALTER TABLE `t04_pinjamanangsuran`
  MODIFY `id` int(11) NOT NULL AUTO_INCREMENT;

--
-- AUTO_INCREMENT for table `t04_pinjamanangsurantemp`
--
ALTER TABLE `t04_pinjamanangsurantemp`
  MODIFY `id` int(11) NOT NULL AUTO_INCREMENT, AUTO_INCREMENT=82;

--
-- AUTO_INCREMENT for table `t05_pinjamanjaminan`
--
ALTER TABLE `t05_pinjamanjaminan`
  MODIFY `id` int(11) NOT NULL AUTO_INCREMENT;

--
-- AUTO_INCREMENT for table `t06_pinjamantitipan`
--
ALTER TABLE `t06_pinjamantitipan`
  MODIFY `id` int(11) NOT NULL AUTO_INCREMENT;

--
-- AUTO_INCREMENT for table `t07_marketing`
--
ALTER TABLE `t07_marketing`
  MODIFY `id` int(11) NOT NULL AUTO_INCREMENT, AUTO_INCREMENT=3;

--
-- AUTO_INCREMENT for table `t93_periode`
--
ALTER TABLE `t93_periode`
  MODIFY `id` int(11) NOT NULL AUTO_INCREMENT, AUTO_INCREMENT=2;

--
-- AUTO_INCREMENT for table `t94_log`
--
ALTER TABLE `t94_log`
  MODIFY `id` int(11) NOT NULL AUTO_INCREMENT, AUTO_INCREMENT=9;

--
-- AUTO_INCREMENT for table `t95_logdesc`
--
ALTER TABLE `t95_logdesc`
  MODIFY `id` int(11) NOT NULL AUTO_INCREMENT, AUTO_INCREMENT=16;

--
-- AUTO_INCREMENT for table `t96_employees`
--
ALTER TABLE `t96_employees`
  MODIFY `EmployeeID` int(11) NOT NULL AUTO_INCREMENT, AUTO_INCREMENT=2;

--
-- AUTO_INCREMENT for table `t99_audittrail`
--
ALTER TABLE `t99_audittrail`
  MODIFY `id` int(11) NOT NULL AUTO_INCREMENT, AUTO_INCREMENT=298;
COMMIT;

/*!40101 SET CHARACTER_SET_CLIENT=@OLD_CHARACTER_SET_CLIENT */;
/*!40101 SET CHARACTER_SET_RESULTS=@OLD_CHARACTER_SET_RESULTS */;
/*!40101 SET COLLATION_CONNECTION=@OLD_COLLATION_CONNECTION */;
